"Station code";Date;"Particulate matter (PM₁₀) Daily average (hourly floating) in µg/m³";"Ozone (O₃) One hour average in µg/m³";"Nitrogen dioxide (NO₂) One hour average in µg/m³";"Particulate matter (PM₂,₅) Daily average (hourly floating) in µg/m³";"Air quality index"
DEBE032;"'2025-10-01 01:00'";9;10;10;7;"very good"
DEBE032;"'2025-10-01 02:00'";9;6;8;7;"very good"
DEBE032;"'2025-10-01 03:00'";9;4;9;7;"very good"
DEBE032;"'2025-10-01 04:00'";9;3;9;7;"very good"
DEBE032;"'2025-10-01 05:00'";10;2;8;7;"very good"
DEBE032;"'2025-10-01 06:00'";10;2;8;7;"very good"
DEBE032;"'2025-10-01 07:00'";10;2;9;7;"very good"
DEBE032;"'2025-10-01 08:00'";10;2;10;7;"very good"
DEBE032;"'2025-10-01 09:00'";10;2;8;7;"very good"
DEBE032;"'2025-10-01 10:00'";10;2;7;7;"very good"
DEBE032;"'2025-10-01 11:00'";10;17;11;7;"very good"
DEBE032;"'2025-10-01 12:00'";11;36;10;8;"very good"
DEBE032;"'2025-10-01 13:00'";11;33;11;8;"very good"
DEBE032;"'2025-10-01 14:00'";11;29;11;8;"very good"
DEBE032;"'2025-10-01 15:00'";12;32;10;9;"very good"
DEBE032;"'2025-10-01 16:00'";12;38;8;9;"very good"
DEBE032;"'2025-10-01 17:00'";13;39;9;9;"very good"
DEBE032;"'2025-10-01 18:00'";13;34;7;10;"very good"
DEBE032;"'2025-10-01 19:00'";14;35;6;10;"very good"
DEBE032;"'2025-10-01 20:00'";14;34;7;10;"very good"
DEBE032;"'2025-10-01 21:00'";14;28;8;10;"very good"
DEBE032;"'2025-10-01 22:00'";14;26;11;10;"very good"
DEBE032;"'2025-10-01 23:00'";14;20;12;11;good
DEBE032;"'2025-10-01 24:00'";14;12;12;11;good
DEBE032;"'2025-10-02 01:00'";14;8;11;11;good
DEBE032;"'2025-10-02 02:00'";15;5;12;11;good
DEBE032;"'2025-10-02 03:00'";15;3;14;11;good
DEBE032;"'2025-10-02 04:00'";15;2;14;11;good
DEBE032;"'2025-10-02 05:00'";15;2;14;11;good
DEBE032;"'2025-10-02 06:00'";15;0.7;14;11;good
DEBE032;"'2025-10-02 07:00'";15;0.5;14;12;good
DEBE032;"'2025-10-02 08:00'";15;0.5;14;12;good
DEBE032;"'2025-10-02 09:00'";16;1;12;12;good
DEBE032;"'2025-10-02 10:00'";16;1;9;12;good
DEBE032;"'2025-10-02 11:00'";16;3;16;12;good
DEBE032;"'2025-10-02 12:00'";15;25;23;12;good
DEBE032;"'2025-10-02 13:00'";15;46;14;12;good
DEBE032;"'2025-10-02 14:00'";15;59;8;11;good
DEBE032;"'2025-10-02 15:00'";14;60;6;11;good
DEBE032;"'2025-10-02 16:00'";14;67;4;10;good
DEBE032;"'2025-10-02 17:00'";14;69;3;10;good
DEBE032;"'2025-10-02 18:00'";13;59;4;10;"very good"
DEBE032;"'2025-10-02 19:00'";13;58;4;10;"very good"
DEBE032;"'2025-10-02 20:00'";13;51;4;10;"very good"
DEBE032;"'2025-10-02 21:00'";13;42;5;10;"very good"
DEBE032;"'2025-10-02 22:00'";13;33;6;9;"very good"
DEBE032;"'2025-10-02 23:00'";13;26;10;9;"very good"
DEBE032;"'2025-10-02 24:00'";13;21;15;9;"very good"
DEBE032;"'2025-10-03 01:00'";12;16;15;9;"very good"
DEBE032;"'2025-10-03 02:00'";12;11;14;9;"very good"
DEBE032;"'2025-10-03 03:00'";12;7;13;9;"very good"
DEBE032;"'2025-10-03 04:00'";12;5;15;9;"very good"
DEBE032;"'2025-10-03 05:00'";12;5;13;9;"very good"
DEBE032;"'2025-10-03 06:00'";12;4;13;9;"very good"
DEBE032;"'2025-10-03 07:00'";12;0.9;17;9;"very good"
DEBE032;"'2025-10-03 08:00'";12;0.7;20;9;"very good"
DEBE032;"'2025-10-03 09:00'";12;0.9;19;9;"very good"
DEBE032;"'2025-10-03 10:00'";12;0.8;11;9;"very good"
DEBE032;"'2025-10-03 11:00'";12;11;18;9;"very good"
DEBE032;"'2025-10-03 12:00'";12;24;19;9;"very good"
DEBE032;"'2025-10-03 13:00'";12;55;12;9;"very good"
DEBE032;"'2025-10-03 14:00'";12;54;8;9;"very good"
DEBE032;"'2025-10-03 15:00'";12;64;5;9;good
DEBE032;"'2025-10-03 16:00'";11;70;4;9;good
DEBE032;"'2025-10-03 17:00'";11;64;3;8;good
DEBE032;"'2025-10-03 18:00'";11;59;3;8;"very good"
DEBE032;"'2025-10-03 19:00'";12;44;4;8;"very good"
DEBE032;"'2025-10-03 20:00'";12;43;8;8;"very good"
DEBE032;"'2025-10-03 21:00'";12;29;16;8;"very good"
DEBE032;"'2025-10-03 22:00'";12;24;19;9;"very good"
DEBE032;"'2025-10-03 23:00'";12;23;21;9;good
DEBE032;"'2025-10-03 24:00'";12;15;23;9;good
DEBE032;"'2025-10-04 01:00'";12;27;11;9;"very good"
DEBE032;"'2025-10-04 02:00'";12;31;6;9;"very good"
DEBE032;"'2025-10-04 03:00'";12;32;5;9;"very good"
DEBE032;"'2025-10-04 04:00'";12;32;5;9;"very good"
DEBE032;"'2025-10-04 05:00'";12;32;7;9;"very good"
DEBE032;"'2025-10-04 06:00'";12;36;8;9;"very good"
DEBE032;"'2025-10-04 07:00'";12;42;8;9;"very good"
DEBE032;"'2025-10-04 08:00'";12;45;7;9;"very good"
DEBE032;"'2025-10-04 09:00'";12;45;7;9;"very good"
DEBE032;"'2025-10-04 10:00'";12;46;7;8;"very good"
DEBE032;"'2025-10-04 11:00'";12;43;7;8;"very good"
DEBE032;"'2025-10-04 12:00'";12;42;7;8;"very good"
DEBE032;"'2025-10-04 13:00'";11;34;7;8;"very good"
DEBE032;"'2025-10-04 14:00'";11;38;6;8;"very good"
DEBE032;"'2025-10-04 15:00'";11;36;6;8;"very good"
DEBE032;"'2025-10-04 16:00'";11;23;6;8;"very good"
DEBE032;"'2025-10-04 17:00'";11;23;7;8;"very good"
DEBE032;"'2025-10-04 18:00'";11;29;7;8;"very good"
DEBE032;"'2025-10-04 19:00'";11;38;6;8;"very good"
DEBE032;"'2025-10-04 20:00'";11;49;4;8;"very good"
DEBE032;"'2025-10-04 21:00'";11;54;4;8;"very good"
DEBE032;"'2025-10-04 22:00'";10;64;3;8;good
DEBE032;"'2025-10-04 23:00'";10;65;3;7;good
DEBE032;"'2025-10-04 24:00'";10;52;3;7;"very good"
DEBE032;"'2025-10-05 01:00'";10;51;4;7;"very good"
DEBE032;"'2025-10-05 02:00'";9;55;3;7;"very good"
DEBE032;"'2025-10-05 03:00'";9;56;3;6;"very good"
DEBE032;"'2025-10-05 04:00'";9;54;3;6;"very good"
DEBE032;"'2025-10-05 05:00'";8;54;3;6;"very good"
DEBE032;"'2025-10-05 06:00'";8;51;2;5;"very good"
DEBE032;"'2025-10-05 07:00'";8;51;2;5;"very good"
DEBE032;"'2025-10-05 08:00'";7;49;2;5;"very good"
DEBE032;"'2025-10-05 09:00'";7;47;2;5;"very good"
DEBE032;"'2025-10-05 10:00'";7;46;2;5;"very good"
DEBE032;"'2025-10-05 11:00'";7;50;2;4;"very good"
DEBE032;"'2025-10-05 12:00'";7;51;2;4;"very good"
DEBE032;"'2025-10-05 13:00'";6;51;2;4;"very good"
DEBE032;"'2025-10-05 14:00'";6;55;2;4;"very good"
DEBE032;"'2025-10-05 15:00'";6;51;2;4;"very good"
DEBE032;"'2025-10-05 16:00'";6;51;3;4;"very good"
DEBE032;"'2025-10-05 17:00'";6;56;3;4;"very good"
DEBE032;"'2025-10-05 18:00'";6;55;3;4;"very good"
DEBE032;"'2025-10-05 19:00'";7;57;3;4;"very good"
DEBE032;"'2025-10-05 20:00'";7;56;3;4;"very good"
DEBE032;"'2025-10-05 21:00'";7;53;4;4;"very good"
DEBE032;"'2025-10-05 22:00'";7;51;4;4;"very good"
DEBE032;"'2025-10-05 23:00'";7;52;3;4;"very good"
DEBE032;"'2025-10-05 24:00'";7;50;2;4;"very good"
DEBE032;"'2025-10-06 01:00'";7;49;3;4;"very good"
DEBE032;"'2025-10-06 02:00'";7;46;2;4;"very good"
DEBE032;"'2025-10-06 03:00'";7;49;2;5;"very good"
DEBE032;"'2025-10-06 04:00'";7;53;2;5;"very good"
DEBE032;"'2025-10-06 05:00'";7;56;2;5;"very good"
DEBE032;"'2025-10-06 06:00'";7;57;2;5;"very good"
DEBE032;"'2025-10-06 07:00'";7;57;2;5;"very good"
DEBE032;"'2025-10-06 08:00'";7;57;3;5;"very good"
DEBE032;"'2025-10-06 09:00'";7;56;3;5;"very good"
DEBE032;"'2025-10-06 10:00'";7;56;3;5;"very good"
DEBE032;"'2025-10-06 11:00'";8;56;3;5;"very good"
DEBE032;"'2025-10-06 12:00'";8;58;3;5;"very good"
DEBE032;"'2025-10-06 13:00'";8;61;3;5;good
DEBE032;"'2025-10-06 14:00'";8;62;3;5;good
DEBE032;"'2025-10-06 15:00'";8;65;3;5;good
DEBE032;"'2025-10-06 16:00'";8;66;3;5;good
DEBE032;"'2025-10-06 17:00'";9;68;3;5;good
DEBE032;"'2025-10-06 18:00'";9;59;3;5;"very good"
DEBE032;"'2025-10-06 19:00'";9;44;4;5;"very good"
DEBE032;"'2025-10-06 20:00'";9;38;4;5;"very good"
DEBE032;"'2025-10-06 21:00'";8;33;5;5;"very good"
DEBE032;"'2025-10-06 22:00'";8;19;6;5;"very good"
DEBE032;"'2025-10-06 23:00'";8;16;6;5;"very good"
DEBE032;"'2025-10-06 24:00'";8;18;5;5;"very good"
DEBE032;"'2025-10-07 01:00'";8;13;5;5;"very good"
DEBE032;"'2025-10-07 02:00'";8;8;4;5;"very good"
DEBE032;"'2025-10-07 03:00'";8;22;4;5;"very good"
DEBE032;"'2025-10-07 04:00'";8;23;4;5;"very good"
DEBE032;"'2025-10-07 05:00'";8;25;4;5;"very good"
DEBE032;"'2025-10-07 06:00'";8;25;4;5;"very good"
DEBE032;"'2025-10-07 07:00'";8;22;4;5;"very good"
DEBE032;"'2025-10-07 08:00'";8;20;4;5;"very good"
DEBE032;"'2025-10-07 09:00'";8;17;5;5;"very good"
DEBE032;"'2025-10-07 10:00'";8;23;6;5;"very good"
DEBE032;"'2025-10-07 11:00'";9;24;6;5;"very good"
DEBE032;"'2025-10-07 12:00'";8;22;8;6;"very good"
DEBE032;"'2025-10-07 13:00'";8;19;9;6;"very good"
DEBE032;"'2025-10-07 14:00'";8;26;7;6;"very good"
DEBE032;"'2025-10-07 15:00'";8;34;6;6;"very good"
DEBE032;"'2025-10-07 16:00'";8;35;5;6;"very good"
DEBE032;"'2025-10-07 17:00'";8;38;5;6;"very good"
DEBE032;"'2025-10-07 18:00'";8;26;6;6;"very good"
DEBE032;"'2025-10-07 19:00'";8;16;9;6;"very good"
DEBE032;"'2025-10-07 20:00'";8;7;10;6;"very good"
DEBE032;"'2025-10-07 21:00'";8;9;11;6;"very good"
DEBE032;"'2025-10-07 22:00'";8;5;9;6;"very good"
DEBE032;"'2025-10-07 23:00'";8;8;10;6;"very good"
DEBE032;"'2025-10-07 24:00'";8;5;7;6;"very good"
DEBE032;"'2025-10-08 01:00'";8;8;7;6;"very good"
DEBE032;"'2025-10-08 02:00'";9;7;6;6;"very good"
DEBE032;"'2025-10-08 03:00'";9;10;6;6;"very good"
DEBE032;"'2025-10-08 04:00'";9;10;5;7;"very good"
DEBE032;"'2025-10-08 05:00'";9;12;5;7;"very good"
DEBE032;"'2025-10-08 06:00'";9;11;5;7;"very good"
DEBE032;"'2025-10-08 07:00'";9;12;6;7;"very good"
DEBE032;"'2025-10-08 08:00'";9;10;7;7;"very good"
DEBE032;"'2025-10-08 09:00'";9;10;9;7;"very good"
DEBE032;"'2025-10-08 10:00'";10;12;8;7;"very good"
DEBE032;"'2025-10-08 11:00'";9;25;5;7;"very good"
DEBE032;"'2025-10-08 12:00'";9;32;4;7;"very good"
DEBE032;"'2025-10-08 13:00'";9;35;2;6;"very good"
DEBE032;"'2025-10-08 14:00'";9;34;2;6;"very good"
DEBE032;"'2025-10-08 15:00'";9;31;3;6;"very good"
DEBE032;"'2025-10-08 16:00'";9;26;2;6;"very good"
DEBE032;"'2025-10-08 17:00'";8;30;3;6;"very good"
DEBE032;"'2025-10-08 18:00'";8;19;4;6;"very good"
DEBE032;"'2025-10-08 19:00'";8;29;5;6;"very good"
DEBE032;"'2025-10-08 20:00'";8;30;2;6;"very good"
DEBE032;"'2025-10-08 21:00'";8;26;3;6;"very good"
DEBE032;"'2025-10-08 22:00'";8;25;3;6;"very good"
DEBE032;"'2025-10-08 23:00'";8;20;4;6;"very good"
DEBE032;"'2025-10-08 24:00'";8;11;3;6;"very good"
DEBE032;"'2025-10-09 01:00'";8;14;5;6;"very good"
DEBE032;"'2025-10-09 02:00'";8;17;5;6;"very good"
DEBE032;"'2025-10-09 03:00'";8;21;5;6;"very good"
DEBE032;"'2025-10-09 04:00'";8;23;4;6;"very good"
DEBE032;"'2025-10-09 05:00'";8;26;4;6;"very good"
DEBE032;"'2025-10-09 06:00'";8;46;3;5;"very good"
DEBE032;"'2025-10-09 07:00'";8;43;3;5;"very good"
DEBE032;"'2025-10-09 08:00'";8;37;4;5;"very good"
DEBE032;"'2025-10-09 09:00'";8;28;5;5;"very good"
DEBE032;"'2025-10-09 10:00'";8;31;5;5;"very good"
DEBE032;"'2025-10-09 11:00'";8;36;5;5;"very good"
DEBE032;"'2025-10-09 12:00'";8;46;3;5;"very good"
DEBE032;"'2025-10-09 13:00'";8;54;3;5;"very good"
DEBE032;"'2025-10-09 14:00'";8;66;2;5;good
DEBE032;"'2025-10-09 15:00'";8;69;2;5;good
DEBE032;"'2025-10-09 16:00'";8;60;3;5;"very good"
DEBE032;"'2025-10-09 17:00'";8;49;4;5;"very good"
DEBE032;"'2025-10-09 18:00'";8;49;4;5;"very good"
DEBE032;"'2025-10-09 19:00'";8;52;5;5;"very good"
DEBE032;"'2025-10-09 20:00'";8;51;5;5;"very good"
DEBE032;"'2025-10-09 21:00'";8;49;5;5;"very good"
DEBE032;"'2025-10-09 22:00'";8;49;4;5;"very good"
DEBE032;"'2025-10-09 23:00'";8;50;4;5;"very good"
DEBE032;"'2025-10-09 24:00'";8;54;3;5;"very good"
DEBE032;"'2025-10-10 01:00'";8;55;3;5;"very good"
DEBE032;"'2025-10-10 02:00'";8;54;3;5;"very good"
DEBE032;"'2025-10-10 03:00'";8;51;4;5;"very good"
DEBE032;"'2025-10-10 04:00'";8;51;4;5;"very good"
DEBE032;"'2025-10-10 05:00'";8;49;3;5;"very good"
DEBE032;"'2025-10-10 06:00'";8;48;3;5;"very good"
DEBE032;"'2025-10-10 07:00'";8;44;3;5;"very good"
DEBE032;"'2025-10-10 08:00'";8;44;3;5;"very good"
DEBE032;"'2025-10-10 09:00'";8;41;2;5;"very good"
DEBE032;"'2025-10-10 10:00'";8;46;2;5;"very good"
DEBE032;"'2025-10-10 11:00'";8;49;2;5;"very good"
DEBE032;"'2025-10-10 12:00'";9;51;2;5;"very good"
DEBE032;"'2025-10-10 13:00'";9;50;2;5;"very good"
DEBE032;"'2025-10-10 14:00'";9;50;2;6;"very good"
DEBE032;"'2025-10-10 15:00'";9;50;3;6;"very good"
DEBE032;"'2025-10-10 16:00'";10;52;3;6;"very good"
DEBE032;"'2025-10-10 17:00'";10;52;3;6;"very good"
DEBE032;"'2025-10-10 18:00'";10;49;3;6;"very good"
DEBE032;"'2025-10-10 19:00'";10;49;3;6;"very good"
DEBE032;"'2025-10-10 20:00'";10;45;3;6;"very good"
DEBE032;"'2025-10-10 21:00'";10;45;4;7;"very good"
DEBE032;"'2025-10-10 22:00'";10;49;4;7;"very good"
DEBE032;"'2025-10-10 23:00'";11;49;3;7;"very good"
DEBE032;"'2025-10-10 24:00'";11;47;3;7;"very good"
DEBE032;"'2025-10-11 01:00'";11;50;3;7;"very good"
DEBE032;"'2025-10-11 02:00'";11;54;3;7;"very good"
DEBE032;"'2025-10-11 03:00'";11;64;1;7;good
DEBE032;"'2025-10-11 04:00'";12;62;0.9;8;good
DEBE032;"'2025-10-11 05:00'";12;63;0.9;8;good
DEBE032;"'2025-10-11 06:00'";12;67;0.5;8;good
DEBE032;"'2025-10-11 07:00'";12;68;0.8;8;good
DEBE032;"'2025-10-11 08:00'";12;66;0.6;8;good
DEBE032;"'2025-10-11 09:00'";12;65;0.7;8;good
DEBE032;"'2025-10-11 10:00'";11;63;0.9;7;good
DEBE032;"'2025-10-11 11:00'";11;61;1;7;good
DEBE032;"'2025-10-11 12:00'";11;65;1;7;good
DEBE032;"'2025-10-11 13:00'";11;65;2;7;good
DEBE032;"'2025-10-11 14:00'";11;65;2;7;good
DEBE032;"'2025-10-11 15:00'";11;67;1;7;good
DEBE032;"'2025-10-11 16:00'";11;72;1;7;good
DEBE032;"'2025-10-11 17:00'";10;68;2;7;good
DEBE032;"'2025-10-11 18:00'";10;67;2;7;good
DEBE032;"'2025-10-11 19:00'";10;66;2;7;good
DEBE032;"'2025-10-11 20:00'";10;64;2;7;good
DEBE032;"'2025-10-11 21:00'";10;66;2;7;good
DEBE032;"'2025-10-11 22:00'";10;61;2;7;good
DEBE032;"'2025-10-11 23:00'";10;64;1;7;good
DEBE032;"'2025-10-11 24:00'";10;63;2;6;good
DEBE032;"'2025-10-12 01:00'";10;64;1;6;good
DEBE032;"'2025-10-12 02:00'";10;63;2;6;good
DEBE032;"'2025-10-12 03:00'";10;66;2;6;good
DEBE032;"'2025-10-12 04:00'";10;70;2;6;good
DEBE032;"'2025-10-12 05:00'";9;67;2;6;good
DEBE032;"'2025-10-12 06:00'";9;67;2;6;good
DEBE032;"'2025-10-12 07:00'";9;70;2;6;good
DEBE032;"'2025-10-12 08:00'";9;69;2;6;good
DEBE032;"'2025-10-12 09:00'";9;70;2;6;good
DEBE032;"'2025-10-12 10:00'";10;65;2;6;good
DEBE032;"'2025-10-12 11:00'";10;64;2;6;good
DEBE032;"'2025-10-12 12:00'";10;60;2;6;"very good"
DEBE032;"'2025-10-12 13:00'";10;55;2;6;"very good"
DEBE032;"'2025-10-12 14:00'";9;51;2;6;"very good"
DEBE032;"'2025-10-12 15:00'";9;48;2;6;"very good"
DEBE032;"'2025-10-12 16:00'";9;44;2;6;"very good"
DEBE032;"'2025-10-12 17:00'";9;42;3;6;"very good"
DEBE032;"'2025-10-12 18:00'";9;38;3;6;"very good"
DEBE032;"'2025-10-12 19:00'";9;37;2;6;"very good"
DEBE032;"'2025-10-12 20:00'";9;37;2;6;"very good"
DEBE032;"'2025-10-12 21:00'";8;36;2;6;"very good"
DEBE032;"'2025-10-12 22:00'";8;27;2;5;"very good"
DEBE032;"'2025-10-12 23:00'";8;24;3;5;"very good"
DEBE032;"'2025-10-12 24:00'";8;16;3;5;"very good"
DEBE032;"'2025-10-13 01:00'";8;18;4;5;"very good"
DEBE032;"'2025-10-13 02:00'";8;17;3;5;"very good"
DEBE032;"'2025-10-13 03:00'";8;17;3;5;"very good"
DEBE032;"'2025-10-13 04:00'";8;14;3;5;"very good"
DEBE032;"'2025-10-13 05:00'";8;13;4;5;"very good"
DEBE032;"'2025-10-13 06:00'";8;9;4;5;"very good"
DEBE032;"'2025-10-13 07:00'";8;14;5;5;"very good"
DEBE032;"'2025-10-13 08:00'";8;31;5;5;"very good"
DEBE032;"'2025-10-13 09:00'";8;31;5;5;"very good"
DEBE032;"'2025-10-13 10:00'";8;29;7;5;"very good"
DEBE032;"'2025-10-13 11:00'";8;30;9;5;"very good"
DEBE032;"'2025-10-13 12:00'";8;33;6;5;"very good"
DEBE032;"'2025-10-13 13:00'";8;42;5;5;"very good"
DEBE032;"'2025-10-13 14:00'";8;47;3;5;"very good"
DEBE032;"'2025-10-13 15:00'";8;50;3;5;"very good"
DEBE032;"'2025-10-13 16:00'";8;53;2;5;"very good"
DEBE032;"'2025-10-13 17:00'";7;47;2;5;"very good"
DEBE032;"'2025-10-13 18:00'";7;43;3;4;"very good"
DEBE032;"'2025-10-13 19:00'";7;33;3;4;"very good"
DEBE032;"'2025-10-13 20:00'";7;24;3;4;"very good"
DEBE032;"'2025-10-13 21:00'";7;22;3;4;"very good"
DEBE032;"'2025-10-13 22:00'";7;19;5;4;"very good"
DEBE032;"'2025-10-13 23:00'";7;13;6;4;"very good"
DEBE032;"'2025-10-13 24:00'";7;10;5;4;"very good"
DEBE032;"'2025-10-14 01:00'";7;10;4;4;"very good"
DEBE032;"'2025-10-14 02:00'";7;7;4;4;"very good"
DEBE032;"'2025-10-14 03:00'";7;5;4;4;"very good"
DEBE032;"'2025-10-14 04:00'";7;6;5;4;"very good"
DEBE032;"'2025-10-14 05:00'";7;4;4;4;"very good"
DEBE032;"'2025-10-14 06:00'";7;19;9;4;"very good"
DEBE032;"'2025-10-14 07:00'";8;21;8;4;"very good"
DEBE032;"'2025-10-14 08:00'";8;26;7;5;"very good"
DEBE032;"'2025-10-14 09:00'";8;26;7;5;"very good"
DEBE032;"'2025-10-14 10:00'";8;25;5;5;"very good"
DEBE032;"'2025-10-14 11:00'";8;28;4;5;"very good"
DEBE032;"'2025-10-14 12:00'";8;30;3;5;"very good"
DEBE032;"'2025-10-14 13:00'";8;28;3;5;"very good"
DEBE032;"'2025-10-14 14:00'";8;27;3;5;"very good"
DEBE032;"'2025-10-14 15:00'";8;28;3;5;"very good"
DEBE032;"'2025-10-14 16:00'";8;27;3;5;"very good"
DEBE032;"'2025-10-14 17:00'";8;27;4;5;"very good"
DEBE032;"'2025-10-14 18:00'";7;28;3;5;"very good"
DEBE032;"'2025-10-14 19:00'";7;29;4;5;"very good"
DEBE032;"'2025-10-14 20:00'";7;31;4;5;"very good"
DEBE032;"'2025-10-14 21:00'";7;39;4;5;"very good"
DEBE032;"'2025-10-14 22:00'";7;26;4;5;"very good"
DEBE032;"'2025-10-14 23:00'";7;16;5;5;"very good"
DEBE032;"'2025-10-14 24:00'";7;9;5;5;"very good"
DEBE032;"'2025-10-15 01:00'";7;6;6;5;"very good"
DEBE032;"'2025-10-15 02:00'";7;5;6;5;"very good"
DEBE032;"'2025-10-15 03:00'";7;5;5;5;"very good"
DEBE032;"'2025-10-15 04:00'";7;11;5;5;"very good"
DEBE032;"'2025-10-15 05:00'";8;9;4;5;"very good"
DEBE032;"'2025-10-15 06:00'";7;10;4;5;"very good"
DEBE032;"'2025-10-15 07:00'";7;19;4;5;"very good"
DEBE032;"'2025-10-15 08:00'";7;18;4;5;"very good"
DEBE032;"'2025-10-15 09:00'";7;27;5;5;"very good"
DEBE032;"'2025-10-15 10:00'";7;30;5;5;"very good"
DEBE032;"'2025-10-15 11:00'";7;33;4;4;"very good"
DEBE032;"'2025-10-15 12:00'";7;32;5;4;"very good"
DEBE032;"'2025-10-15 13:00'";7;38;4;4;"very good"
DEBE032;"'2025-10-15 14:00'";7;38;4;5;"very good"
DEBE032;"'2025-10-15 15:00'";7;45;3;5;"very good"
DEBE032;"'2025-10-15 16:00'";7;47;3;5;"very good"
DEBE032;"'2025-10-15 17:00'";7;42;4;5;"very good"
DEBE032;"'2025-10-15 18:00'";8;30;4;5;"very good"
DEBE032;"'2025-10-15 19:00'";8;31;4;5;"very good"
DEBE032;"'2025-10-15 20:00'";8;31;3;5;"very good"
DEBE032;"'2025-10-15 21:00'";8;25;4;5;"very good"
DEBE032;"'2025-10-15 22:00'";8;21;4;5;"very good"
DEBE032;"'2025-10-15 23:00'";8;21;4;5;"very good"
DEBE032;"'2025-10-15 24:00'";8;33;5;5;"very good"
DEBE032;"'2025-10-16 01:00'";8;35;4;5;"very good"
DEBE032;"'2025-10-16 02:00'";8;32;4;5;"very good"
DEBE032;"'2025-10-16 03:00'";8;31;5;5;"very good"
DEBE032;"'2025-10-16 04:00'";8;31;4;5;"very good"
DEBE032;"'2025-10-16 05:00'";8;33;5;5;"very good"
DEBE032;"'2025-10-16 06:00'";8;33;5;5;"very good"
DEBE032;"'2025-10-16 07:00'";8;35;4;5;"very good"
DEBE032;"'2025-10-16 08:00'";8;39;5;5;"very good"
DEBE032;"'2025-10-16 09:00'";8;39;5;5;"very good"
DEBE032;"'2025-10-16 10:00'";8;40;5;5;"very good"
DEBE032;"'2025-10-16 11:00'";9;42;5;5;"very good"
DEBE032;"'2025-10-16 12:00'";9;44;4;5;"very good"
DEBE032;"'2025-10-16 13:00'";9;46;4;5;"very good"
DEBE032;"'2025-10-16 14:00'";9;47;3;5;"very good"
DEBE032;"'2025-10-16 15:00'";9;52;3;5;"very good"
DEBE032;"'2025-10-16 16:00'";9;57;3;5;"very good"
DEBE032;"'2025-10-16 17:00'";9;59;3;5;"very good"
DEBE032;"'2025-10-16 18:00'";9;58;3;5;"very good"
DEBE032;"'2025-10-16 19:00'";9;51;4;5;"very good"
DEBE032;"'2025-10-16 20:00'";9;43;6;5;"very good"
DEBE032;"'2025-10-16 21:00'";9;35;7;6;"very good"
DEBE032;"'2025-10-16 22:00'";9;33;6;6;"very good"
DEBE032;"'2025-10-16 23:00'";9;37;6;6;"very good"
DEBE032;"'2025-10-16 24:00'";9;37;3;6;"very good"
DEBE032;"'2025-10-17 01:00'";9;35;3;6;"very good"
DEBE032;"'2025-10-17 02:00'";9;39;2;6;"very good"
DEBE032;"'2025-10-17 03:00'";9;52;2;6;"very good"
DEBE032;"'2025-10-17 04:00'";9;48;2;6;"very good"
DEBE032;"'2025-10-17 05:00'";9;44;3;5;"very good"
DEBE032;"'2025-10-17 06:00'";9;45;2;5;"very good"
DEBE032;"'2025-10-17 07:00'";8;50;2;5;"very good"
DEBE032;"'2025-10-17 08:00'";8;50;2;5;"very good"
DEBE032;"'2025-10-17 09:00'";8;49;2;5;"very good"
DEBE032;"'2025-10-17 10:00'";8;50;2;5;"very good"
DEBE032;"'2025-10-17 11:00'";8;54;2;5;"very good"
DEBE032;"'2025-10-17 12:00'";8;62;1;5;good
DEBE032;"'2025-10-17 13:00'";8;65;1;5;good
DEBE032;"'2025-10-17 14:00'";8;66;1;5;good
DEBE032;"'2025-10-17 15:00'";8;63;1;5;good
DEBE032;"'2025-10-17 16:00'";8;61;2;5;good
DEBE032;"'2025-10-17 17:00'";9;62;2;5;good
DEBE032;"'2025-10-17 18:00'";9;57;2;5;"very good"
DEBE032;"'2025-10-17 19:00'";9;53;2;5;"very good"
DEBE032;"'2025-10-17 20:00'";9;52;3;5;"very good"
DEBE032;"'2025-10-17 21:00'";9;48;4;5;"very good"
DEBE032;"'2025-10-17 22:00'";9;52;2;5;"very good"
DEBE032;"'2025-10-17 23:00'";9;57;2;5;"very good"
DEBE032;"'2025-10-17 24:00'";9;58;1;5;"very good"
DEBE032;"'2025-10-18 01:00'";9;53;3;5;"very good"
DEBE032;"'2025-10-18 02:00'";9;50;3;5;"very good"
DEBE032;"'2025-10-18 03:00'";9;49;3;5;"very good"
DEBE032;"'2025-10-18 04:00'";9;45;3;4;"very good"
DEBE032;"'2025-10-18 05:00'";9;40;4;4;"very good"
DEBE032;"'2025-10-18 06:00'";9;31;4;4;"very good"
DEBE032;"'2025-10-18 07:00'";9;29;4;4;"very good"
DEBE032;"'2025-10-18 08:00'";9;27;4;4;"very good"
DEBE032;"'2025-10-18 09:00'";9;21;3;4;"very good"
DEBE032;"'2025-10-18 10:00'";8;22;5;4;"very good"
DEBE032;"'2025-10-18 11:00'";8;42;5;4;"very good"
DEBE032;"'2025-10-18 12:00'";8;55;4;4;"very good"
DEBE032;"'2025-10-18 13:00'";8;60;3;4;"very good"
DEBE032;"'2025-10-18 14:00'";8;65;2;4;good
DEBE032;"'2025-10-18 15:00'";7;65;2;4;good
DEBE032;"'2025-10-18 16:00'";7;67;2;4;good
DEBE032;"'2025-10-18 17:00'";7;57;2;3;"very good"
DEBE032;"'2025-10-18 18:00'";7;48;2;3;"very good"
DEBE032;"'2025-10-18 19:00'";6;42;2;3;"very good"
DEBE032;"'2025-10-18 20:00'";6;38;3;3;"very good"
DEBE032;"'2025-10-18 21:00'";6;32;6;3;"very good"
DEBE032;"'2025-10-18 22:00'";6;26;8;3;"very good"
DEBE032;"'2025-10-18 23:00'";5;20;8;3;"very good"
DEBE032;"'2025-10-18 24:00'";5;15;8;3;"very good"
DEBE032;"'2025-10-19 01:00'";5;9;10;3;"very good"
DEBE032;"'2025-10-19 02:00'";6;2;18;3;"very good"
DEBE032;"'2025-10-19 03:00'";6;2;18;4;"very good"
DEBE032;"'2025-10-19 04:00'";6;2;21;4;good
DEBE032;"'2025-10-19 05:00'";7;2;19;4;"very good"
DEBE032;"'2025-10-19 06:00'";7;2;23;5;good
DEBE032;"'2025-10-19 07:00'";7;2;22;5;good
DEBE032;"'2025-10-19 08:00'";8;2;26;5;good
DEBE032;"'2025-10-19 09:00'";8;2;23;6;good
DEBE032;"'2025-10-19 10:00'";8;2;21;6;good
DEBE032;"'2025-10-19 11:00'";9;5;21;6;good
DEBE032;"'2025-10-19 12:00'";9;37;11;6;"very good"
DEBE032;"'2025-10-19 13:00'";9;52;5;6;"very good"
DEBE032;"'2025-10-19 14:00'";9;53;4;6;"very good"
DEBE032;"'2025-10-19 15:00'";9;55;4;6;"very good"
DEBE032;"'2025-10-19 16:00'";9;53;4;6;"very good"
DEBE032;"'2025-10-19 17:00'";9;55;3;7;"very good"
DEBE032;"'2025-10-19 18:00'";9;50;3;7;"very good"
DEBE032;"'2025-10-19 19:00'";9;31;7;7;"very good"
DEBE032;"'2025-10-19 20:00'";9;21;15;7;"very good"
DEBE032;"'2025-10-19 21:00'";9;24;17;7;"very good"
DEBE032;"'2025-10-19 22:00'";10;26;12;7;"very good"
DEBE032;"'2025-10-19 23:00'";10;23;10;7;"very good"
DEBE032;"'2025-10-19 24:00'";10;24;8;7;"very good"
DEBE032;"'2025-10-20 01:00'";10;23;9;7;"very good"
DEBE032;"'2025-10-20 02:00'";9;22;7;7;"very good"
DEBE032;"'2025-10-20 03:00'";9;23;8;7;"very good"
DEBE032;"'2025-10-20 04:00'";9;23;8;6;"very good"
DEBE032;"'2025-10-20 05:00'";9;20;8;6;"very good"
DEBE032;"'2025-10-20 06:00'";8;20;9;6;"very good"
DEBE032;"'2025-10-20 07:00'";8;15;13;6;"very good"
DEBE032;"'2025-10-20 08:00'";8;12;17;5;"very good"
DEBE032;"'2025-10-20 09:00'";8;7;22;5;good
DEBE032;"'2025-10-20 10:00'";8;17;15;5;"very good"
DEBE032;"'2025-10-20 11:00'";8;30;8;5;"very good"
DEBE032;"'2025-10-20 12:00'";8;35;8;5;"very good"
DEBE032;"'2025-10-20 13:00'";8;42;8;5;"very good"
DEBE032;"'2025-10-20 14:00'";8;46;6;5;"very good"
DEBE032;"'2025-10-20 15:00'";9;49;6;5;"very good"
DEBE032;"'2025-10-20 16:00'";9;49;6;6;"very good"
DEBE032;"'2025-10-20 17:00'";9;50;6;6;"very good"
DEBE032;"'2025-10-20 18:00'";9;49;8;6;"very good"
DEBE032;"'2025-10-20 19:00'";9;44;9;6;"very good"
DEBE032;"'2025-10-20 20:00'";10;42;9;6;"very good"
DEBE032;"'2025-10-20 21:00'";10;41;9;6;"very good"
DEBE032;"'2025-10-20 22:00'";10;43;7;6;"very good"
DEBE032;"'2025-10-20 23:00'";10;41;6;6;"very good"
DEBE032;"'2025-10-20 24:00'";10;34;7;6;"very good"
DEBE032;"'2025-10-21 01:00'";11;29;7;7;"very good"
DEBE032;"'2025-10-21 02:00'";11;24;7;7;"very good"
DEBE032;"'2025-10-21 03:00'";11;27;6;7;"very good"
DEBE032;"'2025-10-21 04:00'";11;28;4;7;"very good"
DEBE032;"'2025-10-21 05:00'";12;29;5;7;"very good"
DEBE032;"'2025-10-21 06:00'";12;29;5;7;"very good"
DEBE032;"'2025-10-21 07:00'";12;24;7;8;"very good"
DEBE032;"'2025-10-21 08:00'";13;18;12;8;"very good"
DEBE032;"'2025-10-21 09:00'";13;15;14;8;"very good"
DEBE032;"'2025-10-21 10:00'";13;17;13;8;"very good"
DEBE032;"'2025-10-21 11:00'";13;24;9;8;"very good"
DEBE032;"'2025-10-21 12:00'";13;31;7;8;"very good"
DEBE032;"'2025-10-21 13:00'";13;37;5;9;"very good"
DEBE032;"'2025-10-21 14:00'";13;43;4;8;"very good"
DEBE032;"'2025-10-21 15:00'";13;51;4;8;"very good"
DEBE032;"'2025-10-21 16:00'";13;46;4;8;"very good"
DEBE032;"'2025-10-21 17:00'";13;47;4;8;"very good"
DEBE032;"'2025-10-21 18:00'";13;56;3;8;"very good"
DEBE032;"'2025-10-21 19:00'";13;50;3;8;"very good"
DEBE032;"'2025-10-21 20:00'";13;32;3;8;"very good"
DEBE032;"'2025-10-21 21:00'";13;29;6;8;"very good"
DEBE032;"'2025-10-21 22:00'";12;27;10;8;"very good"
DEBE032;"'2025-10-21 23:00'";12;15;17;7;"very good"
DEBE032;"'2025-10-21 24:00'";12;30;11;7;"very good"
DEBE032;"'2025-10-22 01:00'";12;25;5;7;"very good"
DEBE032;"'2025-10-22 02:00'";11;19;4;7;"very good"
DEBE032;"'2025-10-22 03:00'";11;28;4;7;"very good"
DEBE032;"'2025-10-22 04:00'";11;30;4;6;"very good"
DEBE032;"'2025-10-22 05:00'";10;20;6;6;"very good"
DEBE032;"'2025-10-22 06:00'";10;14;10;6;"very good"
DEBE032;"'2025-10-22 07:00'";10;7;16;5;"very good"
DEBE032;"'2025-10-22 08:00'";9;2;22;5;good
DEBE032;"'2025-10-22 09:00'";9;2;17;5;"very good"
DEBE032;"'2025-10-22 10:00'";9;4;17;5;"very good"
DEBE032;"'2025-10-22 11:00'";8;17;10;4;"very good"
DEBE032;"'2025-10-22 12:00'";8;18;8;4;"very good"
DEBE032;"'2025-10-22 13:00'";8;25;8;4;"very good"
DEBE032;"'2025-10-22 14:00'";8;28;8;4;"very good"
DEBE032;"'2025-10-22 15:00'";8;34;8;4;"very good"
DEBE032;"'2025-10-22 16:00'";8;32;8;4;"very good"
DEBE032;"'2025-10-22 17:00'";8;27;7;4;"very good"
DEBE032;"'2025-10-22 18:00'";8;18;7;4;"very good"
DEBE032;"'2025-10-22 19:00'";7;9;10;4;"very good"
DEBE032;"'2025-10-22 20:00'";7;3;9;5;"very good"
DEBE032;"'2025-10-22 21:00'";8;2;8;5;"very good"
DEBE032;"'2025-10-22 22:00'";8;2;9;5;"very good"
DEBE032;"'2025-10-22 23:00'";8;2;10;5;"very good"
DEBE032;"'2025-10-22 24:00'";8;2;9;5;"very good"
DEBE032;"'2025-10-23 01:00'";8;2;13;5;"very good"
DEBE032;"'2025-10-23 02:00'";9;2;12;5;"very good"
DEBE032;"'2025-10-23 03:00'";9;3;10;6;"very good"
DEBE032;"'2025-10-23 04:00'";9;5;10;6;"very good"
DEBE032;"'2025-10-23 05:00'";10;6;10;6;"very good"
DEBE032;"'2025-10-23 06:00'";10;3;12;6;"very good"
DEBE032;"'2025-10-23 07:00'";11;3;13;7;"very good"
DEBE032;"'2025-10-23 08:00'";11;6;13;7;"very good"
DEBE032;"'2025-10-23 09:00'";11;7;12;7;"very good"
DEBE032;"'2025-10-23 10:00'";12;10;9;8;"very good"
DEBE032;"'2025-10-23 11:00'";12;10;8;8;"very good"
DEBE032;"'2025-10-23 12:00'";12;11;8;8;"very good"
DEBE032;"'2025-10-23 13:00'";12;15;7;8;"very good"
DEBE032;"'2025-10-23 14:00'";12;27;7;8;"very good"
DEBE032;"'2025-10-23 15:00'";12;33;6;8;"very good"
DEBE032;"'2025-10-23 16:00'";12;38;6;8;"very good"
DEBE032;"'2025-10-23 17:00'";12;35;5;8;"very good"
DEBE032;"'2025-10-23 18:00'";12;21;8;8;"very good"
DEBE032;"'2025-10-23 19:00'";12;30;7;8;"very good"
DEBE032;"'2025-10-23 20:00'";12;42;4;8;"very good"
DEBE032;"'2025-10-23 21:00'";12;41;4;8;"very good"
DEBE032;"'2025-10-23 22:00'";12;46;4;8;"very good"
DEBE032;"'2025-10-23 23:00'";12;52;3;8;"very good"
DEBE032;"'2025-10-23 24:00'";12;57;2;8;"very good"
DEBE032;"'2025-10-24 01:00'";11;58;2;7;"very good"
DEBE032;"'2025-10-24 02:00'";11;54;2;7;"very good"
DEBE032;"'2025-10-24 03:00'";10;53;2;7;"very good"
DEBE032;"'2025-10-24 04:00'";10;51;2;6;"very good"
DEBE032;"'2025-10-24 05:00'";9;53;2;6;"very good"
DEBE032;"'2025-10-24 06:00'";9;55;2;5;"very good"
DEBE032;"'2025-10-24 07:00'";8;53;4;5;"very good"
DEBE032;"'2025-10-24 08:00'";8;56;3;5;"very good"
DEBE032;"'2025-10-24 09:00'";8;56;4;4;"very good"
DEBE032;"'2025-10-24 10:00'";7;59;4;4;"very good"
DEBE032;"'2025-10-24 11:00'";7;57;4;4;"very good"
DEBE032;"'2025-10-24 12:00'";7;56;4;3;"very good"
DEBE032;"'2025-10-24 13:00'";7;54;5;3;"very good"
DEBE032;"'2025-10-24 14:00'";7;53;5;3;"very good"
DEBE032;"'2025-10-24 15:00'";7;55;5;3;"very good"
DEBE032;"'2025-10-24 16:00'";7;55;5;3;"very good"
DEBE032;"'2025-10-24 17:00'";7;55;5;3;"very good"
DEBE032;"'2025-10-24 18:00'";7;53;5;3;"very good"
DEBE032;"'2025-10-24 19:00'";7;51;5;3;"very good"
DEBE032;"'2025-10-24 20:00'";7;50;5;3;"very good"
DEBE032;"'2025-10-24 21:00'";7;52;5;3;"very good"
DEBE032;"'2025-10-24 22:00'";7;46;6;3;"very good"
DEBE032;"'2025-10-24 23:00'";8;47;5;3;"very good"
DEBE032;"'2025-10-24 24:00'";8;48;5;3;"very good"
DEBE032;"'2025-10-25 01:00'";8;46;5;3;"very good"
DEBE032;"'2025-10-25 02:00'";8;45;5;3;"very good"
DEBE032;"'2025-10-25 03:00'";8;41;5;3;"very good"
DEBE032;"'2025-10-25 04:00'";8;37;5;3;"very good"
DEBE032;"'2025-10-25 05:00'";8;31;5;3;"very good"
DEBE032;"'2025-10-25 06:00'";8;30;6;3;"very good"
DEBE032;"'2025-10-25 07:00'";8;23;5;3;"very good"
DEBE032;"'2025-10-25 08:00'";8;26;6;3;"very good"
DEBE032;"'2025-10-25 09:00'";7;29;7;3;"very good"
DEBE032;"'2025-10-25 10:00'";7;43;6;4;"very good"
DEBE032;"'2025-10-25 11:00'";7;45;5;4;"very good"
DEBE032;"'2025-10-25 12:00'";7;53;4;4;"very good"
DEBE032;"'2025-10-25 13:00'";7;59;4;4;"very good"
DEBE032;"'2025-10-25 14:00'";7;61;3;3;good
DEBE032;"'2025-10-25 15:00'";7;60;3;3;"very good"
DEBE032;"'2025-10-25 16:00'";7;61;4;3;good
DEBE032;"'2025-10-25 17:00'";7;59;4;3;"very good"
DEBE032;"'2025-10-25 18:00'";7;52;5;3;"very good"
DEBE032;"'2025-10-25 19:00'";6;48;5;3;"very good"
DEBE032;"'2025-10-25 20:00'";6;46;4;3;"very good"
DEBE032;"'2025-10-25 21:00'";6;41;4;3;"very good"
DEBE032;"'2025-10-25 22:00'";6;38;5;3;"very good"
DEBE032;"'2025-10-25 23:00'";6;37;5;3;"very good"
DEBE032;"'2025-10-25 24:00'";6;42;3;3;"very good"
DEBE032;"'2025-10-26 01:00'";6;50;3;3;"very good"
DEBE032;"'2025-10-26 02:00'";6;58;2;3;"very good"
DEBE032;"'2025-10-26 03:00'";6;62;2;3;good
DEBE032;"'2025-10-26 03:00'";6;59;2;3;"very good"
DEBE032;"'2025-10-26 04:00'";6;60;2;3;"very good"
DEBE032;"'2025-10-26 05:00'";6;50;2;3;"very good"
DEBE032;"'2025-10-26 06:00'";6;43;2;3;"very good"
DEBE032;"'2025-10-26 07:00'";6;42;3;3;"very good"
DEBE032;"'2025-10-26 08:00'";6;40;3;3;"very good"
DEBE032;"'2025-10-26 09:00'";6;37;3;3;"very good"
DEBE032;"'2025-10-26 10:00'";6;54;2;3;"very good"
DEBE032;"'2025-10-26 11:00'";6;59;2;3;"very good"
DEBE032;"'2025-10-26 12:00'";6;58;2;3;"very good"
DEBE032;"'2025-10-26 13:00'";6;56;2;3;"very good"
DEBE032;"'2025-10-26 14:00'";6;53;3;3;"very good"
DEBE032;"'2025-10-26 15:00'";6;48;3;3;"very good"
DEBE032;"'2025-10-26 16:00'";5;51;3;3;"very good"
DEBE032;"'2025-10-26 17:00'";5;54;2;3;"very good"
DEBE032;"'2025-10-26 18:00'";6;57;2;3;"very good"
DEBE032;"'2025-10-26 19:00'";6;62;2;3;good
DEBE032;"'2025-10-26 20:00'";6;63;2;3;good
DEBE032;"'2025-10-26 21:00'";6;63;2;3;good
DEBE032;"'2025-10-26 22:00'";6;62;2;3;good
DEBE032;"'2025-10-26 23:00'";6;62;2;3;good
DEBE032;"'2025-10-26 24:00'";6;60;3;3;"very good"
DEBE032;"'2025-10-27 01:00'";6;60;3;3;"very good"
DEBE032;"'2025-10-27 02:00'";6;57;3;3;"very good"
DEBE032;"'2025-10-27 03:00'";6;56;3;3;"very good"
DEBE032;"'2025-10-27 04:00'";6;57;3;3;"very good"
DEBE032;"'2025-10-27 05:00'";6;51;3;3;"very good"
DEBE032;"'2025-10-27 06:00'";6;45;3;3;"very good"
DEBE032;"'2025-10-27 07:00'";5;45;4;3;"very good"
DEBE032;"'2025-10-27 08:00'";5;46;4;3;"very good"
DEBE032;"'2025-10-27 09:00'";5;45;5;3;"very good"
DEBE032;"'2025-10-27 10:00'";5;42;5;3;"very good"
DEBE032;"'2025-10-27 11:00'";5;43;4;3;"very good"
DEBE032;"'2025-10-27 12:00'";5;44;3;3;"very good"
DEBE032;"'2025-10-27 13:00'";5;45;3;3;"very good"
DEBE032;"'2025-10-27 14:00'";5;60;3;3;"very good"
DEBE032;"'2025-10-27 15:00'";5;61;3;3;good
DEBE032;"'2025-10-27 16:00'";5;59;3;3;"very good"
DEBE032;"'2025-10-27 17:00'";5;56;3;3;"very good"
DEBE032;"'2025-10-27 18:00'";5;54;3;3;"very good"
DEBE032;"'2025-10-27 19:00'";5;49;3;3;"very good"
DEBE032;"'2025-10-27 20:00'";5;54;3;3;"very good"
DEBE032;"'2025-10-27 21:00'";5;55;3;3;"very good"
DEBE032;"'2025-10-27 22:00'";5;55;3;3;"very good"
DEBE032;"'2025-10-27 23:00'";5;57;3;3;"very good"
DEBE032;"'2025-10-27 24:00'";5;56;3;3;"very good"
DEBE032;"'2025-10-28 01:00'";5;60;2;3;"very good"
DEBE032;"'2025-10-28 02:00'";5;61;2;3;good
DEBE032;"'2025-10-28 03:00'";5;63;2;3;good
DEBE032;"'2025-10-28 04:00'";5;62;2;3;good
DEBE032;"'2025-10-28 05:00'";5;61;2;3;good
DEBE032;"'2025-10-28 06:00'";5;60;2;3;"very good"
DEBE032;"'2025-10-28 07:00'";5;61;2;3;good
DEBE032;"'2025-10-28 08:00'";5;57;4;3;"very good"
DEBE032;"'2025-10-28 09:00'";5;57;3;3;"very good"
DEBE032;"'2025-10-28 10:00'";6;56;3;3;"very good"
DEBE032;"'2025-10-28 11:00'";6;49;3;3;"very good"
DEBE032;"'2025-10-28 12:00'";6;43;5;4;"very good"
DEBE032;"'2025-10-28 13:00'";6;39;6;4;"very good"
DEBE032;"'2025-10-28 14:00'";6;39;6;4;"very good"
DEBE032;"'2025-10-28 15:00'";6;39;5;4;"very good"
DEBE032;"'2025-10-28 16:00'";6;40;5;4;"very good"
DEBE032;"'2025-10-28 17:00'";6;44;5;4;"very good"
DEBE032;"'2025-10-28 18:00'";6;46;5;4;"very good"
DEBE032;"'2025-10-28 19:00'";6;50;5;4;"very good"
DEBE032;"'2025-10-28 20:00'";6;49;4;4;"very good"
DEBE032;"'2025-10-28 21:00'";6;49;5;4;"very good"
DEBE032;"'2025-10-28 22:00'";6;51;4;4;"very good"
DEBE032;"'2025-10-28 23:00'";6;49;4;4;"very good"
DEBE032;"'2025-10-28 24:00'";7;48;4;4;"very good"
DEBE032;"'2025-10-29 01:00'";7;49;4;4;"very good"
DEBE032;"'2025-10-29 02:00'";7;46;3;4;"very good"
DEBE032;"'2025-10-29 03:00'";7;47;3;4;"very good"
DEBE032;"'2025-10-29 04:00'";7;44;3;4;"very good"
DEBE032;"'2025-10-29 05:00'";7;32;4;4;"very good"
DEBE032;"'2025-10-29 06:00'";7;30;4;4;"very good"
DEBE032;"'2025-10-29 07:00'";7;28;5;4;"very good"
DEBE032;"'2025-10-29 08:00'";7;32;5;4;"very good"
DEBE032;"'2025-10-29 09:00'";7;31;6;4;"very good"
DEBE032;"'2025-10-29 10:00'";7;36;7;4;"very good"
DEBE032;"'2025-10-29 11:00'";7;47;4;4;"very good"
DEBE032;"'2025-10-29 12:00'";7;56;2;5;"very good"
DEBE032;"'2025-10-29 13:00'";8;59;2;5;"very good"
DEBE032;"'2025-10-29 14:00'";8;58;2;5;"very good"
DEBE032;"'2025-10-29 15:00'";8;55;4;5;"very good"
DEBE032;"'2025-10-29 16:00'";8;52;3;5;"very good"
DEBE032;"'2025-10-29 17:00'";8;41;4;5;"very good"
DEBE032;"'2025-10-29 18:00'";8;27;10;5;"very good"
DEBE032;"'2025-10-29 19:00'";8;11;28;5;good
DEBE032;"'2025-10-29 20:00'";8;5;31;5;good
DEBE032;"'2025-10-29 21:00'";8;4;27;5;good
DEBE032;"'2025-10-29 22:00'";9;7;21;5;good
DEBE032;"'2025-10-29 23:00'";9;18;11;5;"very good"
DEBE032;"'2025-10-29 24:00'";9;23;11;5;"very good"
DEBE032;"'2025-10-30 01:00'";9;23;9;5;"very good"
DEBE032;"'2025-10-30 02:00'";9;22;7;5;"very good"
DEBE032;"'2025-10-30 03:00'";9;20;7;5;"very good"
DEBE032;"'2025-10-30 04:00'";9;23;7;5;"very good"
DEBE032;"'2025-10-30 05:00'";9;20;6;5;"very good"
DEBE032;"'2025-10-30 06:00'";9;24;7;5;"very good"
DEBE032;"'2025-10-30 07:00'";9;33;8;5;"very good"
DEBE032;"'2025-10-30 08:00'";9;42;6;5;"very good"
DEBE032;"'2025-10-30 09:00'";8;52;5;5;"very good"
DEBE032;"'2025-10-30 10:00'";8;57;4;5;"very good"
DEBE032;"'2025-10-30 11:00'";8;59;4;4;"very good"
DEBE032;"'2025-10-30 12:00'";8;65;3;4;good
DEBE032;"'2025-10-30 13:00'";7;62;3;4;good
DEBE032;"'2025-10-30 14:00'";7;64;3;4;good
DEBE032;"'2025-10-30 15:00'";7;65;3;4;good
DEBE032;"'2025-10-30 16:00'";7;-;-;4;"very good"
DEBE032;"'2025-10-30 17:00'";7;-;5;4;"very good"
DEBE032;"'2025-10-30 18:00'";7;54;5;4;"very good"
DEBE032;"'2025-10-30 19:00'";7;54;6;4;"very good"
DEBE032;"'2025-10-30 20:00'";7;51;6;4;"very good"
DEBE032;"'2025-10-30 21:00'";7;50;7;4;"very good"
DEBE032;"'2025-10-30 22:00'";7;46;8;4;"very good"
DEBE032;"'2025-10-30 23:00'";7;43;8;4;"very good"
DEBE032;"'2025-10-30 24:00'";7;42;8;4;"very good"
DEBE032;"'2025-10-31 01:00'";7;42;8;4;"very good"
DEBE032;"'2025-10-31 02:00'";7;40;8;4;"very good"
DEBE032;"'2025-10-31 03:00'";7;29;7;4;"very good"
DEBE032;"'2025-10-31 04:00'";7;23;6;4;"very good"
DEBE032;"'2025-10-31 05:00'";7;11;7;4;"very good"
DEBE032;"'2025-10-31 06:00'";7;10;8;4;"very good"
DEBE032;"'2025-10-31 07:00'";7;9;9;4;"very good"
DEBE032;"'2025-10-31 08:00'";7;2;13;4;"very good"
DEBE032;"'2025-10-31 09:00'";8;3;15;5;"very good"
DEBE032;"'2025-10-31 10:00'";8;3;15;5;"very good"
DEBE032;"'2025-10-31 11:00'";8;18;13;5;"very good"
DEBE032;"'2025-10-31 12:00'";8;28;10;5;"very good"
DEBE032;"'2025-10-31 13:00'";9;42;6;5;"very good"
DEBE032;"'2025-10-31 14:00'";9;54;4;5;"very good"
DEBE032;"'2025-10-31 15:00'";9;49;4;5;"very good"
DEBE032;"'2025-10-31 16:00'";9;44;5;5;"very good"
DEBE032;"'2025-10-31 17:00'";9;32;8;5;"very good"
DEBE032;"'2025-10-31 18:00'";9;16;16;5;"very good"
DEBE032;"'2025-10-31 19:00'";9;15;21;5;good
DEBE032;"'2025-10-31 20:00'";9;18;18;6;"very good"
DEBE032;"'2025-10-31 21:00'";10;17;17;6;"very good"
DEBE032;"'2025-10-31 22:00'";10;15;16;6;"very good"
DEBE032;"'2025-10-31 23:00'";10;19;14;6;"very good"
DEBE032;"'2025-10-31 24:00'";10;25;10;6;"very good"
DEBE032;"'2025-11-01 01:00'";11;20;11;7;"very good"

"Source: German Environment Agency, https://www.umweltbundesamt.de/en/data/air/air-data/air-quality (Status: 02.11.2025). All times are given in the time valid at the time of measurement (CET or CEST)."
